in:PNorm,in:Kavel,in:Dijkzone,out:Groen,out:Blauw,out:Verhard,out:Bebouwd,out:PP Vergroend,out:PP Tekort,out:Dijkzone Appt,out:Dijkzone PP,img
100,0,0,33.1%,5.7%,48.7%,12.5%,0,42,0,0,PNorm0_Kavel0_Dijkzone0_ParCor View.png
75,0,0,33.4%,5.7%,48.4%,12.5%,69,0,0,0,PNorm1_Kavel0_Dijkzone0_ParCor View.png
50,0,0,33.8%,5.7%,48.0%,12.5%,180,0,0,0,PNorm2_Kavel0_Dijkzone0_ParCor View.png
25,0,0,34.2%,5.7%,47.6%,12.5%,291,0,0,0,PNorm3_Kavel0_Dijkzone0_ParCor View.png
0,0,0,34.6%,5.7%,47.2%,12.5%,402,0,0,0,PNorm4_Kavel0_Dijkzone0_ParCor View.png
100,5,0,34.3%,5.7%,47.5%,12.5%,0,42,0,0,PNorm0_Kavel1_Dijkzone0_ParCor View.png
75,5,0,34.6%,5.7%,47.2%,12.5%,69,0,0,0,PNorm1_Kavel1_Dijkzone0_ParCor View.png
50,5,0,35.0%,5.7%,46.8%,12.5%,180,0,0,0,PNorm2_Kavel1_Dijkzone0_ParCor View.png
25,5,0,35.4%,5.7%,46.4%,12.5%,291,0,0,0,PNorm3_Kavel1_Dijkzone0_ParCor View.png
0,5,0,35.8%,5.7%,45.9%,12.5%,402,0,0,0,PNorm4_Kavel1_Dijkzone0_ParCor View.png
100,10,0,35.6%,5.7%,46.2%,12.5%,0,42,0,0,PNorm0_Kavel2_Dijkzone0_ParCor View.png
75,10,0,35.8%,5.7%,46.0%,12.5%,69,0,0,0,PNorm1_Kavel2_Dijkzone0_ParCor View.png
50,10,0,36.2%,5.7%,45.5%,12.5%,180,0,0,0,PNorm2_Kavel2_Dijkzone0_ParCor View.png
25,10,0,36.7%,5.7%,45.1%,12.5%,291,0,0,0,PNorm3_Kavel2_Dijkzone0_ParCor View.png
0,10,0,37.1%,5.7%,44.7%,12.5%,402,0,0,0,PNorm4_Kavel2_Dijkzone0_ParCor View.png
100,15,0,36.8%,5.7%,45.0%,12.5%,0,42,0,0,PNorm0_Kavel3_Dijkzone0_ParCor View.png
75,15,0,37.1%,5.7%,44.7%,12.5%,69,0,0,0,PNorm1_Kavel3_Dijkzone0_ParCor View.png
50,15,0,37.5%,5.7%,44.3%,12.5%,180,0,0,0,PNorm2_Kavel3_Dijkzone0_ParCor View.png
25,15,0,37.9%,5.7%,43.9%,12.5%,291,0,0,0,PNorm3_Kavel3_Dijkzone0_ParCor View.png
0,15,0,38.3%,5.7%,43.5%,12.5%,402,0,0,0,PNorm4_Kavel3_Dijkzone0_ParCor View.png
100,20,0,38.0%,5.7%,43.7%,12.5%,0,42,0,0,PNorm0_Kavel4_Dijkzone0_ParCor View.png
75,20,0,38.3%,5.7%,43.5%,12.5%,69,0,0,0,PNorm1_Kavel4_Dijkzone0_ParCor View.png
50,20,0,38.7%,5.7%,43.1%,12.5%,180,0,0,0,PNorm2_Kavel4_Dijkzone0_ParCor View.png
25,20,0,39.1%,5.7%,42.6%,12.5%,291,0,0,0,PNorm3_Kavel4_Dijkzone0_ParCor View.png
0,20,0,39.6%,5.7%,42.2%,12.5%,402,0,0,0,PNorm4_Kavel4_Dijkzone0_ParCor View.png
100,25,0,39.3%,5.7%,42.5%,12.5%,0,42,0,0,PNorm0_Kavel5_Dijkzone0_ParCor View.png
75,25,0,39.5%,5.7%,42.2%,12.5%,69,0,0,0,PNorm1_Kavel5_Dijkzone0_ParCor View.png
50,25,0,40.0%,5.7%,41.8%,12.5%,180,0,0,0,PNorm2_Kavel5_Dijkzone0_ParCor View.png
25,25,0,40.4%,5.7%,41.4%,12.5%,291,0,0,0,PNorm3_Kavel5_Dijkzone0_ParCor View.png
0,25,0,40.8%,5.7%,41.0%,12.5%,402,0,0,0,PNorm4_Kavel5_Dijkzone0_ParCor View.png
100,30,0,40.5%,5.7%,41.3%,12.5%,0,42,0,0,PNorm0_Kavel6_Dijkzone0_ParCor View.png
75,30,0,40.8%,5.7%,41.0%,12.5%,69,0,0,0,PNorm1_Kavel6_Dijkzone0_ParCor View.png
50,30,0,41.2%,5.7%,40.6%,12.5%,180,0,0,0,PNorm2_Kavel6_Dijkzone0_ParCor View.png
25,30,0,41.6%,5.7%,40.2%,12.5%,291,0,0,0,PNorm3_Kavel6_Dijkzone0_ParCor View.png
0,30,0,42.0%,5.7%,39.7%,12.5%,402,0,0,0,PNorm4_Kavel6_Dijkzone0_ParCor View.png
100,35,0,41.8%,5.7%,40.0%,12.5%,0,42,0,0,PNorm0_Kavel7_Dijkzone0_ParCor View.png
75,35,0,42.0%,5.7%,39.8%,12.5%,69,0,0,0,PNorm1_Kavel7_Dijkzone0_ParCor View.png
50,35,0,42.4%,5.7%,39.3%,12.5%,180,0,0,0,PNorm2_Kavel7_Dijkzone0_ParCor View.png
25,35,0,42.9%,5.7%,38.9%,12.5%,291,0,0,0,PNorm3_Kavel7_Dijkzone0_ParCor View.png
0,35,0,43.3%,5.7%,38.5%,12.5%,402,0,0,0,PNorm4_Kavel7_Dijkzone0_ParCor View.png
100,40,0,43.0%,5.7%,38.8%,12.5%,0,42,0,0,PNorm0_Kavel8_Dijkzone0_ParCor View.png
75,40,0,43.3%,5.7%,38.5%,12.5%,69,0,0,0,PNorm1_Kavel8_Dijkzone0_ParCor View.png
50,40,0,43.7%,5.7%,38.1%,12.5%,180,0,0,0,PNorm2_Kavel8_Dijkzone0_ParCor View.png
25,40,0,44.1%,5.7%,37.7%,12.5%,291,0,0,0,PNorm3_Kavel8_Dijkzone0_ParCor View.png
0,40,0,44.5%,5.7%,37.3%,12.5%,402,0,0,0,PNorm4_Kavel8_Dijkzone0_ParCor View.png
100,45,0,44.2%,5.7%,37.5%,12.5%,0,42,0,0,PNorm0_Kavel9_Dijkzone0_ParCor View.png
75,45,0,44.5%,5.7%,37.3%,12.5%,69,0,0,0,PNorm1_Kavel9_Dijkzone0_ParCor View.png
50,45,0,44.9%,5.7%,36.9%,12.5%,180,0,0,0,PNorm2_Kavel9_Dijkzone0_ParCor View.png
25,45,0,45.3%,5.7%,36.4%,12.5%,291,0,0,0,PNorm3_Kavel9_Dijkzone0_ParCor View.png
0,45,0,45.8%,5.7%,36.0%,12.5%,402,0,0,0,PNorm4_Kavel9_Dijkzone0_ParCor View.png
100,50,0,45.5%,5.7%,36.3%,12.5%,0,42,0,0,PNorm0_Kavel10_Dijkzone0_ParCor View.png
75,50,0,45.7%,5.7%,36.0%,12.5%,69,0,0,0,PNorm1_Kavel10_Dijkzone0_ParCor View.png
50,50,0,46.2%,5.7%,35.6%,12.5%,180,0,0,0,PNorm2_Kavel10_Dijkzone0_ParCor View.png
25,50,0,46.6%,5.7%,35.2%,12.5%,291,0,0,0,PNorm3_Kavel10_Dijkzone0_ParCor View.png
0,50,0,47.0%,5.7%,34.8%,12.5%,402,0,0,0,PNorm4_Kavel10_Dijkzone0_ParCor View.png
100,0,Sociaal 3v,32.6%,5.7%,49.0%,12.7%,0,42,48,48,PNorm0_Kavel0_Dijkzone1_ParCor View.png
75,0,Sociaal 3v,32.9%,5.7%,48.7%,12.7%,69,0,48,44,PNorm1_Kavel0_Dijkzone1_ParCor View.png
50,0,Sociaal 3v,33.4%,5.7%,48.3%,12.7%,180,0,48,39,PNorm2_Kavel0_Dijkzone1_ParCor View.png
25,0,Sociaal 3v,33.8%,5.7%,47.8%,12.7%,291,0,48,34,PNorm3_Kavel0_Dijkzone1_ParCor View.png
0,0,Sociaal 3v,34.3%,5.7%,47.4%,12.7%,402,0,48,29,PNorm4_Kavel0_Dijkzone1_ParCor View.png
100,5,Sociaal 3v,33.9%,5.7%,47.7%,12.7%,0,42,48,48,PNorm0_Kavel1_Dijkzone1_ParCor View.png
75,5,Sociaal 3v,34.2%,5.7%,47.5%,12.7%,69,0,48,44,PNorm1_Kavel1_Dijkzone1_ParCor View.png
50,5,Sociaal 3v,34.6%,5.7%,47.0%,12.7%,180,0,48,39,PNorm2_Kavel1_Dijkzone1_ParCor View.png
25,5,Sociaal 3v,35.1%,5.7%,46.6%,12.7%,291,0,48,34,PNorm3_Kavel1_Dijkzone1_ParCor View.png
0,5,Sociaal 3v,35.5%,5.7%,46.1%,12.7%,402,0,48,29,PNorm4_Kavel1_Dijkzone1_ParCor View.png
100,10,Sociaal 3v,35.1%,5.7%,46.5%,12.7%,0,42,48,48,PNorm0_Kavel2_Dijkzone1_ParCor View.png
75,10,Sociaal 3v,35.4%,5.7%,46.2%,12.7%,69,0,48,44,PNorm1_Kavel2_Dijkzone1_ParCor View.png
50,10,Sociaal 3v,35.8%,5.7%,45.8%,12.7%,180,0,48,39,PNorm2_Kavel2_Dijkzone1_ParCor View.png
25,10,Sociaal 3v,36.3%,5.7%,45.3%,12.7%,291,0,48,34,PNorm3_Kavel2_Dijkzone1_ParCor View.png
0,10,Sociaal 3v,36.7%,5.7%,44.9%,12.7%,402,0,48,29,PNorm4_Kavel2_Dijkzone1_ParCor View.png
100,15,Sociaal 3v,36.3%,5.7%,45.3%,12.7%,0,42,48,48,PNorm0_Kavel3_Dijkzone1_ParCor View.png
75,15,Sociaal 3v,36.6%,5.7%,45.0%,12.7%,69,0,48,44,PNorm1_Kavel3_Dijkzone1_ParCor View.png
50,15,Sociaal 3v,37.1%,5.7%,44.5%,12.7%,180,0,48,39,PNorm2_Kavel3_Dijkzone1_ParCor View.png
25,15,Sociaal 3v,37.5%,5.7%,44.1%,12.7%,291,0,48,34,PNorm3_Kavel3_Dijkzone1_ParCor View.png
0,15,Sociaal 3v,38.0%,5.7%,43.6%,12.7%,402,0,48,29,PNorm4_Kavel3_Dijkzone1_ParCor View.png
100,20,Sociaal 3v,37.6%,5.7%,44.0%,12.7%,0,42,48,48,PNorm0_Kavel4_Dijkzone1_ParCor View.png
75,20,Sociaal 3v,37.9%,5.7%,43.7%,12.7%,69,0,48,44,PNorm1_Kavel4_Dijkzone1_ParCor View.png
50,20,Sociaal 3v,38.3%,5.7%,43.3%,12.7%,180,0,48,39,PNorm2_Kavel4_Dijkzone1_ParCor View.png
25,20,Sociaal 3v,38.8%,5.7%,42.8%,12.7%,291,0,48,34,PNorm3_Kavel4_Dijkzone1_ParCor View.png
0,20,Sociaal 3v,39.2%,5.7%,42.4%,12.7%,402,0,48,29,PNorm4_Kavel4_Dijkzone1_ParCor View.png
100,25,Sociaal 3v,38.8%,5.7%,42.8%,12.7%,0,42,48,48,PNorm0_Kavel5_Dijkzone1_ParCor View.png
75,25,Sociaal 3v,39.1%,5.7%,42.5%,12.7%,69,0,48,44,PNorm1_Kavel5_Dijkzone1_ParCor View.png
50,25,Sociaal 3v,39.5%,5.7%,42.1%,12.7%,180,0,48,39,PNorm2_Kavel5_Dijkzone1_ParCor View.png
25,25,Sociaal 3v,40.0%,5.7%,41.6%,12.7%,291,0,48,34,PNorm3_Kavel5_Dijkzone1_ParCor View.png
0,25,Sociaal 3v,40.4%,5.7%,41.2%,12.7%,402,0,48,29,PNorm4_Kavel5_Dijkzone1_ParCor View.png
100,30,Sociaal 3v,40.1%,5.7%,41.6%,12.7%,0,42,48,48,PNorm0_Kavel6_Dijkzone1_ParCor View.png
75,30,Sociaal 3v,40.3%,5.7%,41.3%,12.7%,69,0,48,44,PNorm1_Kavel6_Dijkzone1_ParCor View.png
50,30,Sociaal 3v,40.8%,5.7%,40.8%,12.7%,180,0,48,39,PNorm2_Kavel6_Dijkzone1_ParCor View.png
25,30,Sociaal 3v,41.2%,5.7%,40.4%,12.7%,291,0,48,34,PNorm3_Kavel6_Dijkzone1_ParCor View.png
0,30,Sociaal 3v,41.7%,5.7%,39.9%,12.7%,402,0,48,29,PNorm4_Kavel6_Dijkzone1_ParCor View.png
100,35,Sociaal 3v,41.3%,5.7%,40.3%,12.7%,0,42,48,48,PNorm0_Kavel7_Dijkzone1_ParCor View.png
75,35,Sociaal 3v,41.6%,5.7%,40.0%,12.7%,69,0,48,44,PNorm1_Kavel7_Dijkzone1_ParCor View.png
50,35,Sociaal 3v,42.0%,5.7%,39.6%,12.7%,180,0,48,39,PNorm2_Kavel7_Dijkzone1_ParCor View.png
25,35,Sociaal 3v,42.5%,5.7%,39.1%,12.7%,291,0,48,34,PNorm3_Kavel7_Dijkzone1_ParCor View.png
0,35,Sociaal 3v,42.9%,5.7%,38.7%,12.7%,402,0,48,29,PNorm4_Kavel7_Dijkzone1_ParCor View.png
100,40,Sociaal 3v,42.5%,5.7%,39.1%,12.7%,0,42,48,48,PNorm0_Kavel8_Dijkzone1_ParCor View.png
75,40,Sociaal 3v,42.8%,5.7%,38.8%,12.7%,69,0,48,44,PNorm1_Kavel8_Dijkzone1_ParCor View.png
50,40,Sociaal 3v,43.3%,5.7%,38.3%,12.7%,180,0,48,39,PNorm2_Kavel8_Dijkzone1_ParCor View.png
25,40,Sociaal 3v,43.7%,5.7%,37.9%,12.7%,291,0,48,34,PNorm3_Kavel8_Dijkzone1_ParCor View.png
0,40,Sociaal 3v,44.2%,5.7%,37.4%,12.7%,402,0,48,29,PNorm4_Kavel8_Dijkzone1_ParCor View.png
100,45,Sociaal 3v,43.8%,5.7%,37.8%,12.7%,0,42,48,48,PNorm0_Kavel9_Dijkzone1_ParCor View.png
75,45,Sociaal 3v,44.1%,5.7%,37.6%,12.7%,69,0,48,44,PNorm1_Kavel9_Dijkzone1_ParCor View.png
50,45,Sociaal 3v,44.5%,5.7%,37.1%,12.7%,180,0,48,39,PNorm2_Kavel9_Dijkzone1_ParCor View.png
25,45,Sociaal 3v,45.0%,5.7%,36.7%,12.7%,291,0,48,34,PNorm3_Kavel9_Dijkzone1_ParCor View.png
0,45,Sociaal 3v,45.4%,5.7%,36.2%,12.7%,402,0,48,29,PNorm4_Kavel9_Dijkzone1_ParCor View.png
100,50,Sociaal 3v,45.0%,5.7%,36.6%,12.7%,0,42,48,48,PNorm0_Kavel10_Dijkzone1_ParCor View.png
75,50,Sociaal 3v,45.3%,5.7%,36.3%,12.7%,69,0,48,44,PNorm1_Kavel10_Dijkzone1_ParCor View.png
50,50,Sociaal 3v,45.7%,5.7%,35.9%,12.7%,180,0,48,39,PNorm2_Kavel10_Dijkzone1_ParCor View.png
25,50,Sociaal 3v,46.2%,5.7%,35.4%,12.7%,291,0,48,34,PNorm3_Kavel10_Dijkzone1_ParCor View.png
0,50,Sociaal 3v,46.6%,5.7%,35.0%,12.7%,402,0,48,29,PNorm4_Kavel10_Dijkzone1_ParCor View.png
100,0,Vrije Sector 3v,32.7%,5.7%,48.9%,12.7%,0,42,18,26,PNorm0_Kavel0_Dijkzone2_ParCor View.png
75,0,Vrije Sector 3v,33.0%,5.7%,48.6%,12.7%,69,0,18,23,PNorm1_Kavel0_Dijkzone2_ParCor View.png
50,0,Vrije Sector 3v,33.4%,5.7%,48.1%,12.7%,180,0,18,21,PNorm2_Kavel0_Dijkzone2_ParCor View.png
25,0,Vrije Sector 3v,33.8%,5.7%,47.7%,12.7%,291,0,18,19,PNorm3_Kavel0_Dijkzone2_ParCor View.png
0,0,Vrije Sector 3v,34.3%,5.7%,47.3%,12.7%,402,0,18,17,PNorm4_Kavel0_Dijkzone2_ParCor View.png
100,5,Vrije Sector 3v,33.9%,5.7%,47.6%,12.7%,0,42,18,26,PNorm0_Kavel1_Dijkzone2_ParCor View.png
75,5,Vrije Sector 3v,34.2%,5.7%,47.3%,12.7%,69,0,18,23,PNorm1_Kavel1_Dijkzone2_ParCor View.png
50,5,Vrije Sector 3v,34.6%,5.7%,46.9%,12.7%,180,0,18,21,PNorm2_Kavel1_Dijkzone2_ParCor View.png
25,5,Vrije Sector 3v,35.1%,5.7%,46.5%,12.7%,291,0,18,19,PNorm3_Kavel1_Dijkzone2_ParCor View.png
0,5,Vrije Sector 3v,35.5%,5.7%,46.0%,12.7%,402,0,18,17,PNorm4_Kavel1_Dijkzone2_ParCor View.png
100,10,Vrije Sector 3v,35.2%,5.7%,46.4%,12.7%,0,42,18,26,PNorm0_Kavel2_Dijkzone2_ParCor View.png
75,10,Vrije Sector 3v,35.4%,5.7%,46.1%,12.7%,69,0,18,23,PNorm1_Kavel2_Dijkzone2_ParCor View.png
50,10,Vrije Sector 3v,35.9%,5.7%,45.7%,12.7%,180,0,18,21,PNorm2_Kavel2_Dijkzone2_ParCor View.png
25,10,Vrije Sector 3v,36.3%,5.7%,45.2%,12.7%,291,0,18,19,PNorm3_Kavel2_Dijkzone2_ParCor View.png
0,10,Vrije Sector 3v,36.7%,5.7%,44.8%,12.7%,402,0,18,17,PNorm4_Kavel2_Dijkzone2_ParCor View.png
100,15,Vrije Sector 3v,36.4%,5.7%,45.1%,12.7%,0,42,18,26,PNorm0_Kavel3_Dijkzone2_ParCor View.png
75,15,Vrije Sector 3v,36.7%,5.7%,44.9%,12.7%,69,0,18,23,PNorm1_Kavel3_Dijkzone2_ParCor View.png
50,15,Vrije Sector 3v,37.1%,5.7%,44.4%,12.7%,180,0,18,21,PNorm2_Kavel3_Dijkzone2_ParCor View.png
25,15,Vrije Sector 3v,37.5%,5.7%,44.0%,12.7%,291,0,18,19,PNorm3_Kavel3_Dijkzone2_ParCor View.png
0,15,Vrije Sector 3v,38.0%,5.7%,43.6%,12.7%,402,0,18,17,PNorm4_Kavel3_Dijkzone2_ParCor View.png
100,20,Vrije Sector 3v,37.6%,5.7%,43.9%,12.7%,0,42,18,26,PNorm0_Kavel4_Dijkzone2_ParCor View.png
75,20,Vrije Sector 3v,37.9%,5.7%,43.6%,12.7%,69,0,18,23,PNorm1_Kavel4_Dijkzone2_ParCor View.png
50,20,Vrije Sector 3v,38.4%,5.7%,43.2%,12.7%,180,0,18,21,PNorm2_Kavel4_Dijkzone2_ParCor View.png
25,20,Vrije Sector 3v,38.8%,5.7%,42.8%,12.7%,291,0,18,19,PNorm3_Kavel4_Dijkzone2_ParCor View.png
0,20,Vrije Sector 3v,39.2%,5.7%,42.3%,12.7%,402,0,18,17,PNorm4_Kavel4_Dijkzone2_ParCor View.png
100,25,Vrije Sector 3v,38.9%,5.7%,42.7%,12.7%,0,42,18,26,PNorm0_Kavel5_Dijkzone2_ParCor View.png
75,25,Vrije Sector 3v,39.2%,5.7%,42.4%,12.7%,69,0,18,23,PNorm1_Kavel5_Dijkzone2_ParCor View.png
50,25,Vrije Sector 3v,39.6%,5.7%,42.0%,12.7%,180,0,18,21,PNorm2_Kavel5_Dijkzone2_ParCor View.png
25,25,Vrije Sector 3v,40.0%,5.7%,41.5%,12.7%,291,0,18,19,PNorm3_Kavel5_Dijkzone2_ParCor View.png
0,25,Vrije Sector 3v,40.5%,5.7%,41.1%,12.7%,402,0,18,17,PNorm4_Kavel5_Dijkzone2_ParCor View.png
100,30,Vrije Sector 3v,40.1%,5.7%,41.4%,12.7%,0,42,18,26,PNorm0_Kavel6_Dijkzone2_ParCor View.png
75,30,Vrije Sector 3v,40.4%,5.7%,41.1%,12.7%,69,0,18,23,PNorm1_Kavel6_Dijkzone2_ParCor View.png
50,30,Vrije Sector 3v,40.8%,5.7%,40.7%,12.7%,180,0,18,21,PNorm2_Kavel6_Dijkzone2_ParCor View.png
25,30,Vrije Sector 3v,41.3%,5.7%,40.3%,12.7%,291,0,18,19,PNorm3_Kavel6_Dijkzone2_ParCor View.png
0,30,Vrije Sector 3v,41.7%,5.7%,39.9%,12.7%,402,0,18,17,PNorm4_Kavel6_Dijkzone2_ParCor View.png
100,35,Vrije Sector 3v,41.4%,5.7%,40.2%,12.7%,0,42,18,26,PNorm0_Kavel7_Dijkzone2_ParCor View.png
75,35,Vrije Sector 3v,41.6%,5.7%,39.9%,12.7%,69,0,18,23,PNorm1_Kavel7_Dijkzone2_ParCor View.png
50,35,Vrije Sector 3v,42.1%,5.7%,39.5%,12.7%,180,0,18,21,PNorm2_Kavel7_Dijkzone2_ParCor View.png
25,35,Vrije Sector 3v,42.5%,5.7%,39.0%,12.7%,291,0,18,19,PNorm3_Kavel7_Dijkzone2_ParCor View.png
0,35,Vrije Sector 3v,42.9%,5.7%,38.6%,12.7%,402,0,18,17,PNorm4_Kavel7_Dijkzone2_ParCor View.png
100,40,Vrije Sector 3v,42.6%,5.7%,38.9%,12.7%,0,42,18,26,PNorm0_Kavel8_Dijkzone2_ParCor View.png
75,40,Vrije Sector 3v,42.9%,5.7%,38.7%,12.7%,69,0,18,23,PNorm1_Kavel8_Dijkzone2_ParCor View.png
50,40,Vrije Sector 3v,43.3%,5.7%,38.2%,12.7%,180,0,18,21,PNorm2_Kavel8_Dijkzone2_ParCor View.png
25,40,Vrije Sector 3v,43.7%,5.7%,37.8%,12.7%,291,0,18,19,PNorm3_Kavel8_Dijkzone2_ParCor View.png
0,40,Vrije Sector 3v,44.2%,5.7%,37.4%,12.7%,402,0,18,17,PNorm4_Kavel8_Dijkzone2_ParCor View.png
100,45,Vrije Sector 3v,43.8%,5.7%,37.7%,12.7%,0,42,18,26,PNorm0_Kavel9_Dijkzone2_ParCor View.png
75,45,Vrije Sector 3v,44.1%,5.7%,37.4%,12.7%,69,0,18,23,PNorm1_Kavel9_Dijkzone2_ParCor View.png
50,45,Vrije Sector 3v,44.5%,5.7%,37.0%,12.7%,180,0,18,21,PNorm2_Kavel9_Dijkzone2_ParCor View.png
25,45,Vrije Sector 3v,45.0%,5.7%,36.6%,12.7%,291,0,18,19,PNorm3_Kavel9_Dijkzone2_ParCor View.png
0,45,Vrije Sector 3v,45.4%,5.7%,36.1%,12.7%,402,0,18,17,PNorm4_Kavel9_Dijkzone2_ParCor View.png
100,50,Vrije Sector 3v,45.1%,5.7%,36.5%,12.7%,0,42,18,26,PNorm0_Kavel10_Dijkzone2_ParCor View.png
75,50,Vrije Sector 3v,45.4%,5.7%,36.2%,12.7%,69,0,18,23,PNorm1_Kavel10_Dijkzone2_ParCor View.png
50,50,Vrije Sector 3v,45.8%,5.7%,35.8%,12.7%,180,0,18,21,PNorm2_Kavel10_Dijkzone2_ParCor View.png
25,50,Vrije Sector 3v,46.2%,5.7%,35.3%,12.7%,291,0,18,19,PNorm3_Kavel10_Dijkzone2_ParCor View.png
0,50,Vrije Sector 3v,46.6%,5.7%,34.9%,12.7%,402,0,18,17,PNorm4_Kavel10_Dijkzone2_ParCor View.png
100,0,Vrije Sector 4v,32.6%,5.7%,48.9%,12.7%,0,42,24,34,PNorm0_Kavel0_Dijkzone3_ParCor View.png
75,0,Vrije Sector 4v,32.9%,5.7%,48.6%,12.7%,69,0,24,31,PNorm1_Kavel0_Dijkzone3_ParCor View.png
50,0,Vrije Sector 4v,33.4%,5.7%,48.2%,12.7%,180,0,24,28,PNorm2_Kavel0_Dijkzone3_ParCor View.png
25,0,Vrije Sector 4v,33.8%,5.7%,47.8%,12.7%,291,0,24,25,PNorm3_Kavel0_Dijkzone3_ParCor View.png
0,0,Vrije Sector 4v,34.2%,5.7%,47.3%,12.7%,402,0,24,22,PNorm4_Kavel0_Dijkzone3_ParCor View.png
100,5,Vrije Sector 4v,33.9%,5.7%,47.7%,12.7%,0,42,24,34,PNorm0_Kavel1_Dijkzone3_ParCor View.png
75,5,Vrije Sector 4v,34.2%,5.7%,47.4%,12.7%,69,0,24,31,PNorm1_Kavel1_Dijkzone3_ParCor View.png
50,5,Vrije Sector 4v,34.6%,5.7%,46.9%,12.7%,180,0,24,28,PNorm2_Kavel1_Dijkzone3_ParCor View.png
25,5,Vrije Sector 4v,35.0%,5.7%,46.5%,12.7%,291,0,24,25,PNorm3_Kavel1_Dijkzone3_ParCor View.png
0,5,Vrije Sector 4v,35.5%,5.7%,46.1%,12.7%,402,0,24,22,PNorm4_Kavel1_Dijkzone3_ParCor View.png
100,10,Vrije Sector 4v,35.1%,5.7%,46.4%,12.7%,0,42,24,34,PNorm0_Kavel2_Dijkzone3_ParCor View.png
75,10,Vrije Sector 4v,35.4%,5.7%,46.2%,12.7%,69,0,24,31,PNorm1_Kavel2_Dijkzone3_ParCor View.png
50,10,Vrije Sector 4v,35.8%,5.7%,45.7%,12.7%,180,0,24,28,PNorm2_Kavel2_Dijkzone3_ParCor View.png
25,10,Vrije Sector 4v,36.3%,5.7%,45.3%,12.7%,291,0,24,25,PNorm3_Kavel2_Dijkzone3_ParCor View.png
0,10,Vrije Sector 4v,36.7%,5.7%,44.8%,12.7%,402,0,24,22,PNorm4_Kavel2_Dijkzone3_ParCor View.png
100,15,Vrije Sector 4v,36.4%,5.7%,45.2%,12.7%,0,42,24,34,PNorm0_Kavel3_Dijkzone3_ParCor View.png
75,15,Vrije Sector 4v,36.6%,5.7%,44.9%,12.7%,69,0,24,31,PNorm1_Kavel3_Dijkzone3_ParCor View.png
50,15,Vrije Sector 4v,37.1%,5.7%,44.5%,12.7%,180,0,24,28,PNorm2_Kavel3_Dijkzone3_ParCor View.png
25,15,Vrije Sector 4v,37.5%,5.7%,44.0%,12.7%,291,0,24,25,PNorm3_Kavel3_Dijkzone3_ParCor View.png
0,15,Vrije Sector 4v,38.0%,5.7%,43.6%,12.7%,402,0,24,22,PNorm4_Kavel3_Dijkzone3_ParCor View.png
100,20,Vrije Sector 4v,37.6%,5.7%,43.9%,12.7%,0,42,24,34,PNorm0_Kavel4_Dijkzone3_ParCor View.png
75,20,Vrije Sector 4v,37.9%,5.7%,43.7%,12.7%,69,0,24,31,PNorm1_Kavel4_Dijkzone3_ParCor View.png
50,20,Vrije Sector 4v,38.3%,5.7%,43.2%,12.7%,180,0,24,28,PNorm2_Kavel4_Dijkzone3_ParCor View.png
25,20,Vrije Sector 4v,38.7%,5.7%,42.8%,12.7%,291,0,24,25,PNorm3_Kavel4_Dijkzone3_ParCor View.png
0,20,Vrije Sector 4v,39.2%,5.7%,42.4%,12.7%,402,0,24,22,PNorm4_Kavel4_Dijkzone3_ParCor View.png
100,25,Vrije Sector 4v,38.8%,5.7%,42.7%,12.7%,0,42,24,34,PNorm0_Kavel5_Dijkzone3_ParCor View.png
75,25,Vrije Sector 4v,39.1%,5.7%,42.4%,12.7%,69,0,24,31,PNorm1_Kavel5_Dijkzone3_ParCor View.png
50,25,Vrije Sector 4v,39.6%,5.7%,42.0%,12.7%,180,0,24,28,PNorm2_Kavel5_Dijkzone3_ParCor View.png
25,25,Vrije Sector 4v,40.0%,5.7%,41.6%,12.7%,291,0,24,25,PNorm3_Kavel5_Dijkzone3_ParCor View.png
0,25,Vrije Sector 4v,40.4%,5.7%,41.1%,12.7%,402,0,24,22,PNorm4_Kavel5_Dijkzone3_ParCor View.png
100,30,Vrije Sector 4v,40.1%,5.7%,41.5%,12.7%,0,42,24,34,PNorm0_Kavel6_Dijkzone3_ParCor View.png
75,30,Vrije Sector 4v,40.4%,5.7%,41.2%,12.7%,69,0,24,31,PNorm1_Kavel6_Dijkzone3_ParCor View.png
50,30,Vrije Sector 4v,40.8%,5.7%,40.8%,12.7%,180,0,24,28,PNorm2_Kavel6_Dijkzone3_ParCor View.png
25,30,Vrije Sector 4v,41.2%,5.7%,40.3%,12.7%,291,0,24,25,PNorm3_Kavel6_Dijkzone3_ParCor View.png
0,30,Vrije Sector 4v,41.7%,5.7%,39.9%,12.7%,402,0,24,22,PNorm4_Kavel6_Dijkzone3_ParCor View.png
100,35,Vrije Sector 4v,41.3%,5.7%,40.2%,12.7%,0,42,24,34,PNorm0_Kavel7_Dijkzone3_ParCor View.png
75,35,Vrije Sector 4v,41.6%,5.7%,40.0%,12.7%,69,0,24,31,PNorm1_Kavel7_Dijkzone3_ParCor View.png
50,35,Vrije Sector 4v,42.0%,5.7%,39.5%,12.7%,180,0,24,28,PNorm2_Kavel7_Dijkzone3_ParCor View.png
25,35,Vrije Sector 4v,42.5%,5.7%,39.1%,12.7%,291,0,24,25,PNorm3_Kavel7_Dijkzone3_ParCor View.png
0,35,Vrije Sector 4v,42.9%,5.7%,38.6%,12.7%,402,0,24,22,PNorm4_Kavel7_Dijkzone3_ParCor View.png
100,40,Vrije Sector 4v,42.6%,5.7%,39.0%,12.7%,0,42,24,34,PNorm0_Kavel8_Dijkzone3_ParCor View.png
75,40,Vrije Sector 4v,42.8%,5.7%,38.7%,12.7%,69,0,24,31,PNorm1_Kavel8_Dijkzone3_ParCor View.png
50,40,Vrije Sector 4v,43.3%,5.7%,38.3%,12.7%,180,0,24,28,PNorm2_Kavel8_Dijkzone3_ParCor View.png
25,40,Vrije Sector 4v,43.7%,5.7%,37.8%,12.7%,291,0,24,25,PNorm3_Kavel8_Dijkzone3_ParCor View.png
0,40,Vrije Sector 4v,44.1%,5.7%,37.4%,12.7%,402,0,24,22,PNorm4_Kavel8_Dijkzone3_ParCor View.png
100,45,Vrije Sector 4v,43.8%,5.7%,37.8%,12.7%,0,42,24,34,PNorm0_Kavel9_Dijkzone3_ParCor View.png
75,45,Vrije Sector 4v,44.1%,5.7%,37.5%,12.7%,69,0,24,31,PNorm1_Kavel9_Dijkzone3_ParCor View.png
50,45,Vrije Sector 4v,44.5%,5.7%,37.0%,12.7%,180,0,24,28,PNorm2_Kavel9_Dijkzone3_ParCor View.png
25,45,Vrije Sector 4v,44.9%,5.7%,36.6%,12.7%,291,0,24,25,PNorm3_Kavel9_Dijkzone3_ParCor View.png
0,45,Vrije Sector 4v,45.4%,5.7%,36.2%,12.7%,402,0,24,22,PNorm4_Kavel9_Dijkzone3_ParCor View.png
100,50,Vrije Sector 4v,45.0%,5.7%,36.5%,12.7%,0,42,24,34,PNorm0_Kavel10_Dijkzone3_ParCor View.png
75,50,Vrije Sector 4v,45.3%,5.7%,36.2%,12.7%,69,0,24,31,PNorm1_Kavel10_Dijkzone3_ParCor View.png
50,50,Vrije Sector 4v,45.7%,5.7%,35.8%,12.7%,180,0,24,28,PNorm2_Kavel10_Dijkzone3_ParCor View.png
25,50,Vrije Sector 4v,46.2%,5.7%,35.4%,12.7%,291,0,24,25,PNorm3_Kavel10_Dijkzone3_ParCor View.png
0,50,Vrije Sector 4v,46.6%,5.7%,34.9%,12.7%,402,0,24,22,PNorm4_Kavel10_Dijkzone3_ParCor View.png
100,0,Vrije Sector 5v,32.6%,5.7%,48.9%,12.7%,0,42,30,42,PNorm0_Kavel0_Dijkzone4_ParCor View.png
75,0,Vrije Sector 5v,32.9%,5.7%,48.7%,12.7%,69,0,30,39,PNorm1_Kavel0_Dijkzone4_ParCor View.png
50,0,Vrije Sector 5v,33.3%,5.7%,48.2%,12.7%,180,0,30,35,PNorm2_Kavel0_Dijkzone4_ParCor View.png
25,0,Vrije Sector 5v,33.8%,5.7%,47.8%,12.7%,291,0,30,31,PNorm3_Kavel0_Dijkzone4_ParCor View.png
0,0,Vrije Sector 5v,34.2%,5.7%,47.3%,12.7%,402,0,30,27,PNorm4_Kavel0_Dijkzone4_ParCor View.png
100,5,Vrije Sector 5v,33.8%,5.7%,47.7%,12.7%,0,42,30,42,PNorm0_Kavel1_Dijkzone4_ParCor View.png
75,5,Vrije Sector 5v,34.1%,5.7%,47.4%,12.7%,69,0,30,39,PNorm1_Kavel1_Dijkzone4_ParCor View.png
50,5,Vrije Sector 5v,34.6%,5.7%,47.0%,12.7%,180,0,30,35,PNorm2_Kavel1_Dijkzone4_ParCor View.png
25,5,Vrije Sector 5v,35.0%,5.7%,46.6%,12.7%,291,0,30,31,PNorm3_Kavel1_Dijkzone4_ParCor View.png
0,5,Vrije Sector 5v,35.4%,5.7%,46.1%,12.7%,402,0,30,27,PNorm4_Kavel1_Dijkzone4_ParCor View.png
100,10,Vrije Sector 5v,35.1%,5.7%,46.5%,12.7%,0,42,30,42,PNorm0_Kavel2_Dijkzone4_ParCor View.png
75,10,Vrije Sector 5v,35.3%,5.7%,46.2%,12.7%,69,0,30,39,PNorm1_Kavel2_Dijkzone4_ParCor View.png
50,10,Vrije Sector 5v,35.8%,5.7%,45.8%,12.7%,180,0,30,35,PNorm2_Kavel2_Dijkzone4_ParCor View.png
25,10,Vrije Sector 5v,36.2%,5.7%,45.3%,12.7%,291,0,30,31,PNorm3_Kavel2_Dijkzone4_ParCor View.png
0,10,Vrije Sector 5v,36.7%,5.7%,44.9%,12.7%,402,0,30,27,PNorm4_Kavel2_Dijkzone4_ParCor View.png
100,15,Vrije Sector 5v,36.3%,5.7%,45.2%,12.7%,0,42,30,42,PNorm0_Kavel3_Dijkzone4_ParCor View.png
75,15,Vrije Sector 5v,36.6%,5.7%,45.0%,12.7%,69,0,30,39,PNorm1_Kavel3_Dijkzone4_ParCor View.png
50,15,Vrije Sector 5v,37.0%,5.7%,44.5%,12.7%,180,0,30,35,PNorm2_Kavel3_Dijkzone4_ParCor View.png
25,15,Vrije Sector 5v,37.5%,5.7%,44.1%,12.7%,291,0,30,31,PNorm3_Kavel3_Dijkzone4_ParCor View.png
0,15,Vrije Sector 5v,37.9%,5.7%,43.6%,12.7%,402,0,30,27,PNorm4_Kavel3_Dijkzone4_ParCor View.png
100,20,Vrije Sector 5v,37.6%,5.7%,44.0%,12.7%,0,42,30,42,PNorm0_Kavel4_Dijkzone4_ParCor View.png
75,20,Vrije Sector 5v,37.8%,5.7%,43.7%,12.7%,69,0,30,39,PNorm1_Kavel4_Dijkzone4_ParCor View.png
50,20,Vrije Sector 5v,38.3%,5.7%,43.3%,12.7%,180,0,30,35,PNorm2_Kavel4_Dijkzone4_ParCor View.png
25,20,Vrije Sector 5v,38.7%,5.7%,42.8%,12.7%,291,0,30,31,PNorm3_Kavel4_Dijkzone4_ParCor View.png
0,20,Vrije Sector 5v,39.2%,5.7%,42.4%,12.7%,402,0,30,27,PNorm4_Kavel4_Dijkzone4_ParCor View.png
100,25,Vrije Sector 5v,38.8%,5.7%,42.8%,12.7%,0,42,30,42,PNorm0_Kavel5_Dijkzone4_ParCor View.png
75,25,Vrije Sector 5v,39.1%,5.7%,42.5%,12.7%,69,0,30,39,PNorm1_Kavel5_Dijkzone4_ParCor View.png
50,25,Vrije Sector 5v,39.5%,5.7%,42.0%,12.7%,180,0,30,35,PNorm2_Kavel5_Dijkzone4_ParCor View.png
25,25,Vrije Sector 5v,40.0%,5.7%,41.6%,12.7%,291,0,30,31,PNorm3_Kavel5_Dijkzone4_ParCor View.png
0,25,Vrije Sector 5v,40.4%,5.7%,41.2%,12.7%,402,0,30,27,PNorm4_Kavel5_Dijkzone4_ParCor View.png
100,30,Vrije Sector 5v,40.0%,5.7%,41.5%,12.7%,0,42,30,42,PNorm0_Kavel6_Dijkzone4_ParCor View.png
75,30,Vrije Sector 5v,40.3%,5.7%,41.2%,12.7%,69,0,30,39,PNorm1_Kavel6_Dijkzone4_ParCor View.png
50,30,Vrije Sector 5v,40.7%,5.7%,40.8%,12.7%,180,0,30,35,PNorm2_Kavel6_Dijkzone4_ParCor View.png
25,30,Vrije Sector 5v,41.2%,5.7%,40.4%,12.7%,291,0,30,31,PNorm3_Kavel6_Dijkzone4_ParCor View.png
0,30,Vrije Sector 5v,41.6%,5.7%,39.9%,12.7%,402,0,30,27,PNorm4_Kavel6_Dijkzone4_ParCor View.png
100,35,Vrije Sector 5v,41.3%,5.7%,40.3%,12.7%,0,42,30,42,PNorm0_Kavel7_Dijkzone4_ParCor View.png
75,35,Vrije Sector 5v,41.5%,5.7%,40.0%,12.7%,69,0,30,39,PNorm1_Kavel7_Dijkzone4_ParCor View.png
50,35,Vrije Sector 5v,42.0%,5.7%,39.6%,12.7%,180,0,30,35,PNorm2_Kavel7_Dijkzone4_ParCor View.png
25,35,Vrije Sector 5v,42.4%,5.7%,39.1%,12.7%,291,0,30,31,PNorm3_Kavel7_Dijkzone4_ParCor View.png
0,35,Vrije Sector 5v,42.9%,5.7%,38.7%,12.7%,402,0,30,27,PNorm4_Kavel7_Dijkzone4_ParCor View.png
100,40,Vrije Sector 5v,42.5%,5.7%,39.0%,12.7%,0,42,30,42,PNorm0_Kavel8_Dijkzone4_ParCor View.png
75,40,Vrije Sector 5v,42.8%,5.7%,38.8%,12.7%,69,0,30,39,PNorm1_Kavel8_Dijkzone4_ParCor View.png
50,40,Vrije Sector 5v,43.2%,5.7%,38.3%,12.7%,180,0,30,35,PNorm2_Kavel8_Dijkzone4_ParCor View.png
25,40,Vrije Sector 5v,43.7%,5.7%,37.9%,12.7%,291,0,30,31,PNorm3_Kavel8_Dijkzone4_ParCor View.png
0,40,Vrije Sector 5v,44.1%,5.7%,37.4%,12.7%,402,0,30,27,PNorm4_Kavel8_Dijkzone4_ParCor View.png
100,45,Vrije Sector 5v,43.7%,5.7%,37.8%,12.7%,0,42,30,42,PNorm0_Kavel9_Dijkzone4_ParCor View.png
75,45,Vrije Sector 5v,44.0%,5.7%,37.5%,12.7%,69,0,30,39,PNorm1_Kavel9_Dijkzone4_ParCor View.png
50,45,Vrije Sector 5v,44.5%,5.7%,37.1%,12.7%,180,0,30,35,PNorm2_Kavel9_Dijkzone4_ParCor View.png
25,45,Vrije Sector 5v,44.9%,5.7%,36.6%,12.7%,291,0,30,31,PNorm3_Kavel9_Dijkzone4_ParCor View.png
0,45,Vrije Sector 5v,45.3%,5.7%,36.2%,12.7%,402,0,30,27,PNorm4_Kavel9_Dijkzone4_ParCor View.png
100,50,Vrije Sector 5v,45.0%,5.7%,36.6%,12.7%,0,42,30,42,PNorm0_Kavel10_Dijkzone4_ParCor View.png
75,50,Vrije Sector 5v,45.3%,5.7%,36.3%,12.7%,69,0,30,39,PNorm1_Kavel10_Dijkzone4_ParCor View.png
50,50,Vrije Sector 5v,45.7%,5.7%,35.8%,12.7%,180,0,30,35,PNorm2_Kavel10_Dijkzone4_ParCor View.png
25,50,Vrije Sector 5v,46.1%,5.7%,35.4%,12.7%,291,0,30,31,PNorm3_Kavel10_Dijkzone4_ParCor View.png
0,50,Vrije Sector 5v,46.6%,5.7%,35.0%,12.7%,402,0,30,27,PNorm4_Kavel10_Dijkzone4_ParCor View.png
